<?xml version="1.0" encoding="UTF-8"?>

<!DOCTYPE hibernate-mapping PUBLIC
  "-//Hibernate/Hibernate Mapping DTD 3.0//EN"
  "http://hibernate.sourceforge.net/hibernate-mapping-3.0.dtd">

<hibernate-mapping>

  <class name="es.arsys.entities.Persona" table="Ejemplo16_Personas">
      <id name="id" column="PERSONA_ID" type="long">
          <generator class="assigned" /><!-- Con native no funciona esta estrategia -->
      </id>

      <property name="nombre" column="NOMBRE" type="string" />

      <property name="apellido" column="APELLIDO" type="string" />

      
      <union-subclass name="es.arsys.entities.Alumno" extends="es.arsys.entities.Persona" table="Ejemplo16_Alumnos">
          <property name="curso" column="CURSO" type="string" />
      </union-subclass>

      <union-subclass name="es.arsys.entities.Profesor" extends="es.arsys.entities.Persona" table="Ejemplo16_Profesores">
          <property name="titulacion" column="TITULACION" type="string" />
      </union-subclass>

  </class>

</hibernate-mapping>
