<?xml version="1.0" encoding="UTF-8"?>

<!DOCTYPE hibernate-mapping PUBLIC
  "-//Hibernate/Hibernate Mapping DTD 3.0//EN"
  "http://hibernate.sourceforge.net/hibernate-mapping-3.0.dtd">

<hibernate-mapping>

  <class name="es.arsys.entities.Persona" table="Ejemplo15_Personas">
      <id name="id" column="PERSONA_ID" type="long">
          <generator class="native" />
      </id>

      <property name="nombre" column="NOMBRE" type="string" />

      <property name="apellido" column="APELLIDO" type="string" />

      
      <joined-subclass name="es.arsys.entities.Alumno" extends="es.arsys.entities.Persona"
                table="Ejemplo15_Alumnos">
          <key column="ALUMNO_ID" />
          <property name="curso" column="CURSO" type="string" />
      </joined-subclass>

      <joined-subclass name="es.arsys.entities.Profesor" extends="es.arsys.entities.Persona"
                table="Ejemplo15_Profesores">
          <key column="PROFESOR_ID" />
          <property name="titulacion" column="TITULACION" type="string" />
      </joined-subclass>
    
  </class>

</hibernate-mapping>
