<?xml version="1.0" encoding="UTF-8"?>

<!DOCTYPE hibernate-mapping PUBLIC
  "-//Hibernate/Hibernate Mapping DTD 3.0//EN"
  "http://hibernate.sourceforge.net/hibernate-mapping-3.0.dtd">

<hibernate-mapping>

  <class name="es.arsys.entities.Coche" table="Ejemplo13_Coches">

      <id name="id" column="COCHE_ID" type="long">
          <generator class="native" />
      </id>

      <property name="matricula" column="MATRICULA" type="string" />

      <property name="modelo" column="MODELO" type="string" />

      <set name="propietarios" inverse="true"
           table="Ejemplo13_Personas_Coches" cascade="all">
          <key column="ID_COCHE" />  <!-- columna nueva en la tabla intermedia -->
          <many-to-many column="ID_PERSONA" class="es.arsys.entities.Persona" />
      </set>

  </class>

</hibernate-mapping>
