<?xml version="1.0" encoding="UTF-8"?>

<!DOCTYPE hibernate-mapping PUBLIC
  "-//Hibernate/Hibernate Mapping DTD 3.0//EN"
  "http://hibernate.sourceforge.net/hibernate-mapping-3.0.dtd">

<hibernate-mapping>

  <class name="es.arsys.entities.Nif" table="Ejemplo13_Nifs">

      <id name="id" column="NIF_ID" type="long">
          <generator class="native" />
      </id>

      <property name="letra" column="LETRA" type="character" />

      <property name="numero" column="NUMERO" type="long"/>

      <one-to-one name="persona" class="es.arsys.entities.Persona" property-ref="nif"  />
      
  </class>

</hibernate-mapping>
