<?xml version="1.0" encoding="UTF-8"?>

<!DOCTYPE hibernate-mapping PUBLIC
  "-//Hibernate/Hibernate Mapping DTD 3.0//EN"
  "http://hibernate.sourceforge.net/hibernate-mapping-3.0.dtd">

<hibernate-mapping>

  <class name="es.arsys.entities.Persona" table="Ejemplo13_Personas">

      <id name="id" column="PERSONA_ID" type="long">
          <generator class="native" />
      </id>

      <property name="nombre" column="NOMBRE" type="string" />

      <!-- unique="true" esto es lo que marca one-to-one -->
      <many-to-one unique="true" name="nif" column="NIF_ID" not-null="true"
                   cascade="all"/>
                               

      <set name="telefonos" cascade="all">
          <key column="ID_PERSONA" />  <!-- FK de Telefono -->
          <one-to-many class="es.arsys.entities.Telefono" />
      </set>

      <set name="coches" table="Ejemplo13_Personas_Coches" cascade="all">
          <key column="ID_PERSONA" />  <!-- columna nueva en la tabla intermedia -->
          <many-to-many column="ID_COCHE" class="es.arsys.entities.Coche" />
      </set>
  </class>

</hibernate-mapping>
