<?xml version="1.0"?>
<!DOCTYPE hibernate-mapping PUBLIC "-//Hibernate/Hibernate Mapping DTD 3.0//EN"
        "http://hibernate.sourceforge.net/hibernate-mapping-3.0.dtd">
<!-- Generated 04-jul-2019 12:39:08 by Hibernate Tools 3.5.0.Final -->
<hibernate-mapping>
    <class name="es.arsys.entities.Persona" table="Ejemplo12_Personas">

        <!-- PK simple -->
        <id name="nif" type="string">
            <column name="ID_PERSONA" />
            <generator class="assigned" />
        </id>

        <!-- PK compuesta 
        <composite-id name="personaPK" class="es.arsys.entities.PersonaPK">
            <key-property name="telefono" column="TELEFONO" type="long" />
            <key-property name="nif" column="NIF" type="string" />
        </composite-id> -->

        <property name="nombre" type="string" column="NOMBRE" length="50" />

        <property name="apellido" type="string">
            <column name="APELLIDO" />
        </property>
        
        <component name="direccion" class="es.arsys.models.Direccion" >
            <property name="calle" type="string" column="CALLE" />
            <property name="numero" type="integer" column="NUMERO" />
            <property name="localidad" type="string" column="LOCALIDAD" />
        </component>
        
        <property name="estado"  column="ESTADO_CIVIL">
            <type name="org.hibernate.type.EnumType">
                <param name="enumClass">es.arsys.models.EstadoCivil</param>
                <param name="useNamed">true</param>
            </type>
        </property>
        
        <property name="fechaNacimiento" type="date" column="FECHA_NACIMIENTO" />
        
        <!-- las propiedades que van a otra tabla, siempre al final -->
        <join table="Ejemplo12_CV">
            <key>
                <column name="ID_PERSONA" />
            </key>
            <property name="cv" column="CURRICULUM" type="string" length="1000" lazy="true" />
        </join>
    </class>
</hibernate-mapping>