<?xml version="1.0" encoding="UTF-8"?>

<!DOCTYPE hibernate-mapping PUBLIC
  "-//Hibernate/Hibernate Mapping DTD 3.0//EN"
  "http://hibernate.sourceforge.net/hibernate-mapping-3.0.dtd">

<hibernate-mapping>

  <class name="es.arsys.entities.Persona" table="Ejemplo14_Personas" discriminator-value="Person">
      <id name="id" column="PERSONA_ID" type="long">
          <generator class="native" />
      </id>

      <!--  discriminator siempre a continuacion del id  -->
      <discriminator column="TIPO" type="string" length="10"  />

      <property name="nombre" column="NOMBRE" type="string" />

      <property name="apellido" column="APELLIDO" type="string" />

      
      <subclass name="es.arsys.entities.Alumno" extends="es.arsys.entities.Persona"
                discriminator-value="Alum">
          <property name="curso" column="CURSO" type="string" />
      </subclass>

      <subclass name="es.arsys.entities.Profesor" extends="es.arsys.entities.Persona"
                discriminator-value="Profe">
          <property name="titulacion" column="TITULACION" type="string" />
      </subclass>

  </class>

</hibernate-mapping>
